Other,Immigration,Jobs/Employment,Financial Regulation,Terrorism,Guns,Racial Issues,Budget/Taxation,Environment/Energy,LGBT Issues,Ethics,Justice,Campaign Finance,Drugs,Education,Surveillance/Privacy,Economy,Health Care,Income Inequality,Foreign Policy/National Security,Trade,Veterans,Abortion
0.8348890740731465,0.0048424938937872515,0.015030302257612349,0.0009090449615914681,0.014899230658499161,0.009566730632642604,0.01993602274908596,0.03244922992020504,0.006764335281280627,0.0009374058634343217,0.0027394939933756478,0.00223355111600474,0.0009546435675360563,0.00010758929277082564,0.0007498726523954522,0.0004146155696017186,0.007150980236679531,0.0009089799136514615,0.0015627767586572465,0.04072092111525734,0.0016024560020612391,0.00017016541105712205,0.00046008407966629367