Foreign Policy/National Security,Health Care,Racial Issues,Ethics,Immigration,Terrorism,Jobs/Employment,Income Inequality,Surveillance/Privacy,Trade,Guns,Economy,Campaign Finance,Environment/Energy,Justice,Education,Drugs,Veterans,Abortion,Budget/Taxation,Financial Regulation,LGBT Issues
0.2616474589089579,0.007610004382342142,0.10584893086245403,0.033734828972308804,0.034753471647054376,0.09280193782474733,0.08198518820520408,0.01055981314008137,0.0031586207891171852,0.018841923257512695,0.0573121263227383,0.04770728429750401,0.006242318818996382,0.039080682913023475,0.012495377419180461,0.005299417172531669,0.0007812423686822662,0.001308463341367883,0.0033239622775925563,0.16370648464408186,0.0067116983987139675,0.005088764035807249