Foreign Policy/National Security,Health Care,Racial Issues,Financial Regulation,Ethics,Immigration,Terrorism,Jobs/Employment,Income Inequality,Surveillance/Privacy,Trade,Guns,Economy,Other,Environment/Energy,LGBT Issues,Education,Justice,Drugs,Veterans,Abortion,Budget/Taxation,Campaign Finance
0.06145171708171395,0.0012518571213467717,0.01425041026203597,0.0011454091065615797,0.010092735843100303,0.005542718645696577,0.014081842154572888,0.013752636164243898,0.002202467377546911,0.0004434825601652415,0.0049746908915371995,0.009408194789090085,0.009141718908715693,0.8181391077297627,0.005045452895635093,0.000878526548002717,0.0007279539502024596,0.0018383887328995636,0.00007970892415624697,0.00028375970321439456,0.0007634366217975237,0.023314148628879417,0.0011896353591227626