Foreign Policy/National Security,Health Care,Racial Issues,Ethics,Immigration,Terrorism,Jobs/Employment,Income Inequality,Surveillance/Privacy,Trade,Guns,Economy,Campaign Finance,Environment/Energy,Justice,Education,Drugs,Veterans,Abortion,Budget/Taxation,Financial Regulation,LGBT Issues
0.22695400131286858,0.016828469672866032,0.12328175386715493,0.025140258997913244,0.043948471865330484,0.04293054194328042,0.05967679419936549,0.011826257632843118,0.0029519967739451702,0.018304468059838618,0.02673632091415327,0.03358124712075911,0.009661198990944338,0.06105491470921788,0.011246820600291545,0.009881750474055186,0.0020463001509929382,0.005113140300759141,0.007275588865934714,0.2335849012281716,0.007616203878313003,0.02035859844100117