Foreign Policy/National Security,Health Care,Racial Issues,Ethics,Immigration,Terrorism,Jobs/Employment,Income Inequality,Surveillance/Privacy,Trade,Guns,Economy,Campaign Finance,Environment/Energy,Justice,Education,Drugs,Veterans,Abortion,Budget/Taxation,Financial Regulation,LGBT Issues
0.32357534292848844,0.013134440439967051,0.08969083817724965,0.0643242639282624,0.059552887251297267,0.04893698015055334,0.06602169173723584,0.007808297843038922,0.003507237941311742,0.05002312607347855,0.029924879237723044,0.045592144410635915,0.01262839518042235,0.02953836199840456,0.010587324313298532,0.0049233851374702155,0.001979358030593976,0.00361767143825988,0.006845577593173391,0.1112065314267748,0.007128807032405086,0.009452457729955021