Racial Issues,Immigration,Jobs/Employment,Other,Financial Regulation,Terrorism,Guns,LGBT Issues,Surveillance/Privacy,Budget/Taxation,Environment/Energy,Ethics,Drugs,Justice,Campaign Finance,Health Care,Veterans,Education,Abortion,Economy,Foreign Policy/National Security,Trade,Income Inequality
0.010940263500419134,0.0055033291728716245,0.006064598209267587,0.889551455878257,0.000448862986159339,0.004469599491914503,0.0036143323888349413,0.005073158238707992,0.0003900802887067781,0.013095770039381024,0.005371300697010549,0.004904676032484249,0.00011037614413754237,0.0028890638555173734,0.002373721444613124,0.004129251902635215,0.0009799371693314683,0.000699640968816667,0.0019302715413846683,0.0026676349318759283,0.032397724238440555,0.0008099325335334144,0.0015850183456992675