{
  "during": {
    "trump": {
      "Racial Issues": 0.0029888944756296027,
      "Immigration": 0.008606260729269425,
      "Jobs/Employment": 0.00428873258293441,
      "Other": 0.8577628801173753,
      "Financial Regulation": 0.001067135952886633,
      "Terrorism": 0.016118927589464947,
      "Guns": 0.0051336857938628685,
      "LGBT Issues": 0.0015586794078357084,
      "Surveillance/Privacy": 0.0002594788406799918,
      "Budget/Taxation": 0.014893681679603773,
      "Environment/Energy": 0.005700246473021638,
      "Ethics": 0.008105366685467017,
      "Drugs": 0.0002592663272969615,
      "Justice": 0.0026825564339914305,
      "Campaign Finance": 0.0018193270721223668,
      "Health Care": 0.01479061268883408,
      "Veterans": 0.0006306334641424043,
      "Education": 0.00030591301487211157,
      "Abortion": 0.0020880502449641767,
      "Economy": 0.003044254211908995,
      "Foreign Policy/National Security": 0.04637435167479672,
      "Trade": 0.0006026879542739204,
      "Income Inequality": 0.0009183765847654256
    },
    "clinton": {
      "Racial Issues": 0.005751495390502578,
      "Immigration": 0.00659215286561796,
      "Jobs/Employment": 0.002712064438385693,
      "Other": 0.8558453591692903,
      "Financial Regulation": 0.00041573591039700396,
      "Terrorism": 0.022967367792918608,
      "Guns": 0.002778915589280137,
      "LGBT Issues": 0.00303926084740723,
      "Surveillance/Privacy": 0.0003414852046325636,
      "Budget/Taxation": 0.021324666611779546,
      "Environment/Energy": 0.006324663209685354,
      "Ethics": 0.004138987795327292,
      "Drugs": 0.00007416565340961283,
      "Justice": 0.0022958182138597236,
      "Campaign Finance": 0.0016867583009397265,
      "Health Care": 0.01748923067083174,
      "Veterans": 0.0002820336086081148,
      "Education": 0.00040076669594735735,
      "Abortion": 0.0013964746139133405,
      "Economy": 0.0014856945341274275,
      "Foreign Policy/National Security": 0.04108241369057137,
      "Trade": 0.0004677028991966295,
      "Income Inequality": 0.0011067862933707472
    },
    "all": {
      "Racial Issues": 0.0045678128242565294,
      "Immigration": 0.006700846060040274,
      "Jobs/Employment": 0.00306444672253218,
      "Other": 0.8678014323220481,
      "Financial Regulation": 0.0006409273309682176,
      "Terrorism": 0.02139467221908162,
      "Guns": 0.0031383351538279924,
      "LGBT Issues": 0.001876923855365646,
      "Surveillance/Privacy": 0.00028386081361951875,
      "Budget/Taxation": 0.016997647061176593,
      "Environment/Energy": 0.005734449997412847,
      "Ethics": 0.005647772444094204,
      "Drugs": 0.00011829457077057316,
      "Justice": 0.0021005507890219984,
      "Campaign Finance": 0.0015888320540092507,
      "Health Care": 0.014368732446749726,
      "Veterans": 0.0003510469757048703,
      "Education": 0.0004770727149764629,
      "Abortion": 0.0014316027801781956,
      "Economy": 0.0021189555856774103,
      "Foreign Policy/National Security": 0.03819794385727363,
      "Trade": 0.0005501918757746615,
      "Income Inequality": 0.0008476495454395053
    }
  },
  "post": {
    "trump": {
      "Racial Issues": 0.006115815220468862,
      "Immigration": 0.01290561805082597,
      "Jobs/Employment": 0.007087920788006677,
      "Other": 0.8732196502122956,
      "Financial Regulation": 0.0008793712005024499,
      "Terrorism": 0.009224952403260211,
      "Guns": 0.004493778073026383,
      "LGBT Issues": 0.0031364503154806414,
      "Surveillance/Privacy": 0.0007536470360621293,
      "Budget/Taxation": 0.0075805343072256545,
      "Environment/Energy": 0.004604473034981795,
      "Ethics": 0.012625414158057796,
      "Drugs": 0.00029969997896376954,
      "Justice": 0.0036569353278527463,
      "Campaign Finance": 0.0026782690248648615,
      "Health Care": 0.00368536518146971,
      "Veterans": 0.001062001602215351,
      "Education": 0.0007536005060234764,
      "Abortion": 0.0018977276264613165,
      "Economy": 0.004335901651876861,
      "Foreign Policy/National Security": 0.03710235487129721,
      "Trade": 0.0010539053754897345,
      "Income Inequality": 0.0008466140532907602
    },
    "clinton": {
      "Racial Issues": 0.010940263500419134,
      "Immigration": 0.0055033291728716245,
      "Jobs/Employment": 0.006064598209267587,
      "Other": 0.889551455878257,
      "Financial Regulation": 0.000448862986159339,
      "Terrorism": 0.004469599491914503,
      "Guns": 0.0036143323888349413,
      "LGBT Issues": 0.005073158238707992,
      "Surveillance/Privacy": 0.0003900802887067781,
      "Budget/Taxation": 0.013095770039381024,
      "Environment/Energy": 0.005371300697010549,
      "Ethics": 0.004904676032484249,
      "Drugs": 0.00011037614413754237,
      "Justice": 0.0028890638555173734,
      "Campaign Finance": 0.002373721444613124,
      "Health Care": 0.004129251902635215,
      "Veterans": 0.0009799371693314683,
      "Education": 0.000699640968816667,
      "Abortion": 0.0019302715413846683,
      "Economy": 0.0026676349318759283,
      "Foreign Policy/National Security": 0.032397724238440555,
      "Trade": 0.0008099325335334144,
      "Income Inequality": 0.0015850183456992675
    },
    "all": {
      "Racial Issues": 0.007466003164672853,
      "Immigration": 0.00939327560048457,
      "Jobs/Employment": 0.005470244138267052,
      "Other": 0.8874674977119636,
      "Financial Regulation": 0.000683530042977815,
      "Terrorism": 0.00723685543903622,
      "Guns": 0.003847433762719271,
      "LGBT Issues": 0.003583357943347482,
      "Surveillance/Privacy": 0.0005687605234628946,
      "Budget/Taxation": 0.009868809081406922,
      "Environment/Energy": 0.004804512107897571,
      "Ethics": 0.008836881929603585,
      "Drugs": 0.00022796703867436623,
      "Justice": 0.003078813297066588,
      "Campaign Finance": 0.002304033018862196,
      "Health Care": 0.004126318769989199,
      "Veterans": 0.0008915805792944102,
      "Education": 0.0007720140973213681,
      "Abortion": 0.0019205728806486865,
      "Economy": 0.003814644399081477,
      "Foreign Policy/National Security": 0.031473619580609735,
      "Trade": 0.0010731702340909584,
      "Income Inequality": 0.001090104658521177
    }
  }
}