{
  "during": {
    "trump": {
      "Foreign Policy/National Security": 0.06145171708171395,
      "Health Care": 0.0012518571213467717,
      "Racial Issues": 0.01425041026203597,
      "Financial Regulation": 0.0011454091065615797,
      "Ethics": 0.010092735843100303,
      "Immigration": 0.005542718645696577,
      "Terrorism": 0.014081842154572888,
      "Jobs/Employment": 0.013752636164243898,
      "Income Inequality": 0.002202467377546911,
      "Surveillance/Privacy": 0.0004434825601652415,
      "Trade": 0.0049746908915371995,
      "Guns": 0.009408194789090085,
      "Economy": 0.009141718908715693,
      "Other": 0.8181391077297627,
      "Environment/Energy": 0.005045452895635093,
      "LGBT Issues": 0.000878526548002717,
      "Education": 0.0007279539502024596,
      "Justice": 0.0018383887328995636,
      "Drugs": 0.00007970892415624697,
      "Veterans": 0.00028375970321439456,
      "Abortion": 0.0007634366217975237,
      "Budget/Taxation": 0.023314148628879417,
      "Campaign Finance": 0.0011896353591227626
    },
    "clinton": {
      "Foreign Policy/National Security": 0.04074408607246775,
      "Health Care": 0.0008927579769777424,
      "Racial Issues": 0.019947245705250156,
      "Financial Regulation": 0.0009098149732563225,
      "Ethics": 0.0027418144972228995,
      "Immigration": 0.004835267826742063,
      "Terrorism": 0.014911851135911319,
      "Jobs/Employment": 0.015037369795549113,
      "Income Inequality": 0.0015641005175301,
      "Surveillance/Privacy": 0.0004149667720598068,
      "Trade": 0.0016038133714611452,
      "Guns": 0.00957483418581423,
      "Economy": 0.00715703751484512,
      "Other": 0.8348115195400913,
      "Environment/Energy": 0.006770065049654739,
      "LGBT Issues": 0.0009381998983611352,
      "Education": 0.0007505078362575232,
      "Justice": 0.002235443058082458,
      "Drugs": 0.00010201646247532432,
      "Veterans": 0.00017030955062887583,
      "Abortion": 0.0004604737964824307,
      "Budget/Taxation": 0.03247105225912103,
      "Campaign Finance": 0.0009554522037574089
    },
    "all": {
      "Foreign Policy/National Security": 0.040649476184261395,
      "Health Care": 0.0011822881567131128,
      "Racial Issues": 0.016444660353915428,
      "Financial Regulation": 0.001042727589834537,
      "Ethics": 0.005241033612969857,
      "Immigration": 0.005399289654591689,
      "Terrorism": 0.014417683157293682,
      "Jobs/Employment": 0.012737195955605485,
      "Income Inequality": 0.0016405696219558893,
      "Surveillance/Privacy": 0.0004907224441534071,
      "Trade": 0.002927275938072261,
      "Guns": 0.008903995948365656,
      "Economy": 0.007411790372257969,
      "Other": 0.8446402791230406,
      "Environment/Energy": 0.006071563989048281,
      "LGBT Issues": 0.0007905889602117233,
      "Education": 0.0008233159727350853,
      "Justice": 0.0019412783480961373,
      "Drugs": 0.00012137359633573144,
      "Veterans": 0.00020328249949264787,
      "Abortion": 0.0005164098516523216,
      "Budget/Taxation": 0.02543339376005279,
      "Campaign Finance": 0.0009698049093442684
    }
  },
  "post": {
    "trump": {
      "Foreign Policy/National Security": 0.04857994925763891,
      "Health Care": 0.00197193780071832,
      "Racial Issues": 0.013465724328966703,
      "Financial Regulation": 0.001070282675952463,
      "Ethics": 0.009657316436378063,
      "Immigration": 0.008940966312916169,
      "Terrorism": 0.007347148243805985,
      "Jobs/Employment": 0.009912159577645038,
      "Income Inequality": 0.0011722979556176966,
      "Surveillance/Privacy": 0.0005265587905474164,
      "Trade": 0.007510216644953472,
      "Guns": 0.004492768521088587,
      "Economy": 0.006844971690272248,
      "Other": 0.8498651077119456,
      "Environment/Energy": 0.0044347387969960305,
      "LGBT Issues": 0.001419143723144185,
      "Education": 0.000739171897306699,
      "Justice": 0.0015895267953957755,
      "Drugs": 0.00029717070472272226,
      "Veterans": 0.0005431387117167182,
      "Abortion": 0.0010277600546006063,
      "Budget/Taxation": 0.01669598061748698,
      "Campaign Finance": 0.0018959627501836957
    },
    "clinton": {
      "Foreign Policy/National Security": 0.026003787839140348,
      "Health Care": 0.0019281614446063665,
      "Racial Issues": 0.014125296551080652,
      "Financial Regulation": 0.0008726444506182826,
      "Ethics": 0.0028805042317872854,
      "Immigration": 0.005035499403533462,
      "Terrorism": 0.0049188676914905805,
      "Jobs/Employment": 0.006837608882431945,
      "Income Inequality": 0.0013550212494007673,
      "Surveillance/Privacy": 0.00033823196492435833,
      "Trade": 0.0020972774270685457,
      "Guns": 0.0030633767751570866,
      "Economy": 0.003847650274727493,
      "Other": 0.8854226508952681,
      "Environment/Energy": 0.006995510277197693,
      "LGBT Issues": 0.002332634240857644,
      "Education": 0.0011322247738316717,
      "Justice": 0.0012886308902378958,
      "Drugs": 0.0002344596467733837,
      "Veterans": 0.0005858500612615544,
      "Abortion": 0.0008336176854347028,
      "Budget/Taxation": 0.026763538773614558,
      "Campaign Finance": 0.0011069545695557138
    },
    "all": {
      "Foreign Policy/National Security": 0.032828632661929674,
      "Health Care": 0.0017666690134195894,
      "Racial Issues": 0.012777886936159001,
      "Financial Regulation": 0.0007899473144832428,
      "Ethics": 0.00570240077000644,
      "Immigration": 0.007407516464272932,
      "Terrorism": 0.005923475859025775,
      "Jobs/Employment": 0.007213184961119733,
      "Income Inequality": 0.0010782664027130864,
      "Surveillance/Privacy": 0.0004482715747059295,
      "Trade": 0.004362624125022048,
      "Guns": 0.003797589192991348,
      "Economy": 0.005525833064004932,
      "Other": 0.8760658506701337,
      "Environment/Energy": 0.007349787386534561,
      "LGBT Issues": 0.0017211566249787807,
      "Education": 0.0008585095675602627,
      "Justice": 0.0015492354375562592,
      "Drugs": 0.0003116038891987003,
      "Veterans": 0.0005952764588495569,
      "Abortion": 0.00102026323258663,
      "Budget/Taxation": 0.019631684568423655,
      "Campaign Finance": 0.0012743338243241646
    }
  }
}