{
  "during": {
    "trump": {
      "Foreign Policy/National Security": 0.3379050675194061,
      "Health Care": 0.006883597158901912,
      "Racial Issues": 0.07835884936086474,
      "Ethics": 0.05549701047382383,
      "Immigration": 0.030477793089568384,
      "Terrorism": 0.07743194250717682,
      "Jobs/Employment": 0.07562173479171151,
      "Income Inequality": 0.012110725676382045,
      "Surveillance/Privacy": 0.0024385812399196085,
      "Trade": 0.027354374156182127,
      "Guns": 0.05173291889005979,
      "Economy": 0.050267645751630334,
      "Campaign Finance": 0.006541457837757758,
      "Environment/Energy": 0.027743473776306853,
      "Justice": 0.01010876340674607,
      "Education": 0.004002806436915267,
      "Drugs": 0.000438296123818655,
      "Veterans": 0.0015603118387472782,
      "Abortion": 0.0041979152981559695,
      "Budget/Taxation": 0.1281977028587082,
      "Financial Regulation": 0.006298270575179805,
      "LGBT Issues": 0.004830761232036987
    },
    "clinton": {
      "Foreign Policy/National Security": 0.2466521028526342,
      "Health Care": 0.005404480836025458,
      "Racial Issues": 0.12075445969182676,
      "Ethics": 0.01659809745564152,
      "Immigration": 0.029271216814150573,
      "Terrorism": 0.09027173743831628,
      "Jobs/Employment": 0.09103158860522775,
      "Income Inequality": 0.009468581060709665,
      "Surveillance/Privacy": 0.0025120805694469677,
      "Trade": 0.009708990402937882,
      "Guns": 0.057963086524898726,
      "Economy": 0.043326492833633976,
      "Campaign Finance": 0.005784012305805413,
      "Environment/Energy": 0.04098388114477411,
      "Justice": 0.013532681285393871,
      "Education": 0.004543342454437503,
      "Drugs": 0.000617576129953467,
      "Veterans": 0.0010310013758508421,
      "Abortion": 0.002787566028819957,
      "Budget/Taxation": 0.19656971338871157,
      "Financial Regulation": 0.005507738619080856,
      "LGBT Issues": 0.005679572181722663
    },
    "all": {
      "Foreign Policy/National Security": 0.2616474589089579,
      "Health Care": 0.007610004382342142,
      "Racial Issues": 0.10584893086245403,
      "Ethics": 0.033734828972308804,
      "Immigration": 0.034753471647054376,
      "Terrorism": 0.09280193782474733,
      "Jobs/Employment": 0.08198518820520408,
      "Income Inequality": 0.01055981314008137,
      "Surveillance/Privacy": 0.0031586207891171852,
      "Trade": 0.018841923257512695,
      "Guns": 0.0573121263227383,
      "Economy": 0.04770728429750401,
      "Campaign Finance": 0.006242318818996382,
      "Environment/Energy": 0.039080682913023475,
      "Justice": 0.012495377419180461,
      "Education": 0.005299417172531669,
      "Drugs": 0.0007812423686822662,
      "Veterans": 0.001308463341367883,
      "Abortion": 0.0033239622775925563,
      "Budget/Taxation": 0.16370648464408186,
      "Financial Regulation": 0.0067116983987139675,
      "LGBT Issues": 0.005088764035807249
    }
  },
  "post": {
    "trump": {
      "Foreign Policy/National Security": 0.32357534292848844,
      "Health Care": 0.013134440439967051,
      "Racial Issues": 0.08969083817724965,
      "Ethics": 0.0643242639282624,
      "Immigration": 0.059552887251297267,
      "Terrorism": 0.04893698015055334,
      "Jobs/Employment": 0.06602169173723584,
      "Income Inequality": 0.007808297843038922,
      "Surveillance/Privacy": 0.003507237941311742,
      "Trade": 0.05002312607347855,
      "Guns": 0.029924879237723044,
      "Economy": 0.045592144410635915,
      "Campaign Finance": 0.01262839518042235,
      "Environment/Energy": 0.02953836199840456,
      "Justice": 0.010587324313298532,
      "Education": 0.0049233851374702155,
      "Drugs": 0.001979358030593976,
      "Veterans": 0.00361767143825988,
      "Abortion": 0.006845577593173391,
      "Budget/Taxation": 0.1112065314267748,
      "Financial Regulation": 0.007128807032405086,
      "LGBT Issues": 0.009452457729955021
    },
    "clinton": {
      "Foreign Policy/National Security": 0.22695400131286858,
      "Health Care": 0.016828469672866032,
      "Racial Issues": 0.12328175386715493,
      "Ethics": 0.025140258997913244,
      "Immigration": 0.043948471865330484,
      "Terrorism": 0.04293054194328042,
      "Jobs/Employment": 0.05967679419936549,
      "Income Inequality": 0.011826257632843118,
      "Surveillance/Privacy": 0.0029519967739451702,
      "Trade": 0.018304468059838618,
      "Guns": 0.02673632091415327,
      "Economy": 0.03358124712075911,
      "Campaign Finance": 0.009661198990944338,
      "Environment/Energy": 0.06105491470921788,
      "Justice": 0.011246820600291545,
      "Education": 0.009881750474055186,
      "Drugs": 0.0020463001509929382,
      "Veterans": 0.005113140300759141,
      "Abortion": 0.007275588865934714,
      "Budget/Taxation": 0.2335849012281716,
      "Financial Regulation": 0.007616203878313003,
      "LGBT Issues": 0.02035859844100117
    },
    "all": {
      "Foreign Policy/National Security": 0.26488770721742033,
      "Health Care": 0.01425490087253819,
      "Racial Issues": 0.10310222812075025,
      "Ethics": 0.04601153758540582,
      "Immigration": 0.05976977696887156,
      "Terrorism": 0.04779534850608205,
      "Jobs/Employment": 0.058201754723154926,
      "Income Inequality": 0.008700317132472867,
      "Surveillance/Privacy": 0.0036170141734930415,
      "Trade": 0.03520114632336223,
      "Guns": 0.030641991844262292,
      "Economy": 0.04458684788562379,
      "Campaign Finance": 0.010282346158945788,
      "Environment/Energy": 0.05930397252311935,
      "Justice": 0.012500472597207848,
      "Education": 0.006927142940040131,
      "Drugs": 0.002514269802823493,
      "Veterans": 0.004803167343854146,
      "Abortion": 0.008232301089759137,
      "Budget/Taxation": 0.15840415797079027,
      "Financial Regulation": 0.006373927757237424,
      "LGBT Issues": 0.01388767046278509
    }
  }
}